{
  "0": 0.0,
  "1": 0.094,
  "2": 0.135137,
  "3": 0.166398,
  "4": 0.192651,
  "5": 0.215732,
  "6": 0.236573,
  "7": 0.25572,
  "8": 0.27353,
  "9": 0.29025,
  "10": 0.306057,
  "11": 0.321088,
  "12": 0.335445,
  "13": 0.349213,
  "14": 0.362457,
  "15": 0.375236,
  "16": 0.387592,
  "17": 0.399567,
  "18": 0.411193,
  "19": 0.4225,
  "20": 0.432926,
  "21": 0.443107,
  "22": 0.45306,
  "23": 0.462798,
  "24": 0.472336,
  "25": 0.481685,
  "26": 0.490855,
  "27": 0.499858,
  "28": 0.508701,
  "29": 0.517394,
  "30": 0.525942,
  "31": 0.534354,
  "32": 0.542635,
  "33": 0.550793,
  "34": 0.55883,
  "35": 0.566755,
  "36": 0.574569,
  "37": 0.582278,
  "38": 0.589887,
  "39": 0.5974,
  "40": 0.604823,
  "41": 0.612157,
  "42": 0.619404,
  "43": 0.626567,
  "44": 0.633649,
  "45": 0.640653,
  "46": 0.64758,
  "47": 0.654435,
  "48": 0.661219,
  "49": 0.667934,
  "50": 0.674581,
  "51": 0.694695,
  "52": 0.71481,
  "53": 0.734924,
  "54": 0.755039,
  "55": 0.775153,
  "56": 0.795267,
  "57": 0.815382,
  "58": 0.835496,
  "59": 0.85561,
  "60": 0.875725,
  "61": 0.895839,
  "62": 0.915954,
  "63": 0.936068,
  "64": 0.956182,
  "65": 0.976297,
  "66": 0.996411,
  "67": 1.016525,
  "68": 1.03664,
  "69": 1.056754,
  "70": 1.076869,
  "71": 1.096983,
  "72": 1.117097,
  "73": 1.137212,
  "74": 1.157326,
  "75": 1.17744,
  "76": 1.197555,
  "77": 1.217669,
  "78": 1.237784,
  "79": 1.257898,
  "80": 1.278012,
  "81": 1.298127,
  "82": 1.318241,
  "83": 1.338356,
  "84": 1.35847,
  "85": 1.378584,
  "86": 1.398699,
  "87": 1.418813,
  "88": 1.438927,
  "89": 1.459042,
  "90": 1.479156,
  "91": 1.499271,
  "92": 1.519385,
  "93": 1.539499,
  "94": 1.559614,
  "95": 1.579728,
  "96": 1.599842,
  "97": 1.619957,
  "98": 1.640071,
  "99": 1.660186,
  "100": 1.6803
}